"0","# Data Cleaning."
"0",""
"0","#Deduct anything that corresponds to Refused to answer (7 or 7777), Don't know (9 or 9999), and Does not work for DED120 (3333)"
"0",""
"0","sun_clean <- sun %>%"
"0","  mutate("
"0","    DMDEDUC2 = replace("
"0","      DMDEDUC2,"
"0","      DMDEDUC2 %in% c(7, 9),"
"0","      NA"
"0","    ),"
"0","    "
"0","    DEQ034D = replace("
"0","      DEQ034D,"
"0","      DEQ034D %in% c(7, 9),"
"0","      NA"
"0","    ),"
"0","    "
"0","    DED120 = replace("
"0","      DED120,"
"0","      DED120 %in% c(3333, 7777, 9999),"
"0","      NA"
"0","    ),"
"0","    "
"0","    DED125 = replace("
"0","      DED125,"
"0","      DED125 %in% c(3333, 7777, 9999),"
"0","      NA"
"0","    )"
"0","  )"
"0",""
"0","#Create useful categories"
"0",""
"0","sun_clean <- sun_clean %>%"
"0","  mutate("
"0","    gender = factor("
"0","      RIAGENDR,"
"0","      levels = c(1, 2),"
"0","      labels = c(""Male"", ""Female"")"
"0","    ),"
"0","    "
"0","    race_ethnicity = factor("
"0","      RIDRETH3,"
"0","      levels = c(1, 2, 3, 4, 6, 7),"
"0","      labels = c("
"0","        ""Mexican American"","
"0","        ""Other Hispanic"","
"0","        ""Non-Hispanic White"","
"0","        ""Non-Hispanic Black"","
"0","        ""Non-Hispanic Asian"","
"0","        ""Other Race - Including Multi-Racial"""
"0","      )"
"0","    ),"
"0","    "
"0","    education = case_when("
"0","      DMDEDUC2 %in% c(1, 2) ~ ""Less than high school"","
"0","      DMDEDUC2 == 3 ~ ""High school or GED"","
"0","      DMDEDUC2 == 4 ~ ""Some college or AA"","
"0","      DMDEDUC2 == 5 ~ ""College graduate or above"","
"0","      TRUE ~ NA_character_"
"0","    ),"
"0","    "
"0","    education = factor("
"0","      education,"
"0","      levels = c("
"0","        ""Less than high school"","
"0","        ""High school or GED"","
"0","        ""Some college or AA"","
"0","        ""College graduate or above"""
"0","      )"
"0","    ),"
"0","    "
"0","    sunscreen = factor("
"0","      DEQ034D,"
"0","      levels = c(1, 2, 3, 4, 5),"
"0","      labels = c("
"0","        ""Always"","
"0","        ""Most of the time"","
"0","        ""Sometimes"","
"0","        ""Rarely"","
"0","        ""Never"""
"0","      )"
"0","    ),"
"0","    "
"0","    regular_sunscreen = case_when("
"0","      DEQ034D %in% c(1, 2) ~ ""Regular"","
"0","      DEQ034D %in% c(3, 4, 5) ~ ""Not Regular"","
"0","      TRUE ~ NA_character_"
"0","    ),"
"0","    "
"0","    regular_sunscreen = factor("
"0","      regular_sunscreen,"
"0","      levels = c(""Not Regular"", ""Regular"")"
"0","    )"
"0","  )"
"0",""
"0","sun_clean <- sun_clean %>%"
"0","  rename("
"0","    outdoor_workday = DED120,"
"0","    outdoor_nonworkday = DED125"
"0","  )"
"0",""
"0","#Study 1 Final Tibble"
"0",""
"0","#Assign only necessary catorgories to Study1 dataset, drop NA data and any unused categories"
"0",""
"0","study1 <- sun_clean %>%"
"0","  select("
"0","    SEQN,"
"0","    RIDSTATR,"
"0","    RIDAGEYR,"
"0","    outdoor_workday,"
"0","    outdoor_nonworkday,"
"0","    gender,"
"0","    education,"
"0","    sunscreen,"
"0","    regular_sunscreen"
"0","  ) %>%"
"0","  drop_na() %>%"
"0","  droplevels()"
"0",""
