"0","#Data Cleaning"
"0",""
"0","#Assign NA to responses that are unknown/don't know or refused to asnwer"
"0","sun_clean <- sun %>%"
"0","  mutate("
"0","   #Education"
"0","    DMDEDUC2 = replace("
"0","      DMDEDUC2, DMDEDUC2 %in% c(7, 9), NA),"
"0","   #Long-sleeve"
"0","    DEQ034C = replace("
"0","      DEQ034C, DEQ034C %in% c(7, 9), NA"
"0","    ),"
"0","   #Suncreen use"
"0","    DEQ034D = replace("
"0","      DEQ034D, DEQ034D %in% c(7, 9), NA"
"0","    ),"
"0","   #Type of work done last week"
"0","    OCD150 = replace("
"0","      OCD150, OCD150 %in% c(7, 9), NA"
"0","    ),"
"0","   #Work schedule"
"0","    OCQ670 = replace("
"0","      OCQ670, OCQ670 %in% c(7,9), NA"
"0","    ),"
"0","   #Hours worked last week"
"0","    OCQ180 = replace("
"0","      OCQ180, OCQ180 %in% c(77777, 99999), NA"
"0","    ),"
"0","   #Minutes spent outdoor on working days"
"0","    DED120 = replace("
"0","      DED120, DED120 %in% c(3333, 7777, 9999), NA"
"0","    ),"
"0","   #Minutes spent outdoors on non-working days"
"0","    DED125 = replace("
"0","      DED125, DED125 %in% c(3333, 7777, 9999), NA"
"0","    )"
"0","  )"
"0",""
"0","#Label variables    "
"0",""
"0","#Sex"
"0","sun_clean <- sun_clean %>%"
"0","  mutate("
"0","    sex = factor("
"0","      RIAGENDR, levels = c(1, 2), labels = c(""Male"", ""Female"")"
"0","    )"
"0","  )"
"0",""
"0","#Race/Ethicity"
"0","sun_clean <- sun_clean %>%"
"0","  mutate("
"0","    race_ethicity = factor("
"0","      RIDRETH3, levels = c(1, 2, 3, 4, 6, 7), "
"0","      labels = c("
"0","        ""Mexican American"","
"0","        ""Other Hispanic"","
"0","        ""Non-Hispanic White"","
"0","        ""Non-Hispanic Black"","
"0","        ""Non-Hispanic Asian"","
"0","        ""Other Race - Including Multi-Racial"")"
"0","    )"
"0","  )"
"0",""
"0","#Education"
"0","sun_clean <- sun_clean %>%"
"0","  mutate("
"0","    education = case_when("
"0","      DMDEDUC2 %in% c(1, 2) ~ ""Less than high school"","
"0","      DMDEDUC2 %in% c(3) ~ ""High school or GED"","
"0","      DMDEDUC2 %in% c(4) ~ ""Some college or AA"","
"0","      DMDEDUC2 %in% c(5) ~ ""College graduate or above"","
"0","      TRUE ~ NA_character_"
"0","    ),"
"0","    "
"0","    education = factor("
"0","      education, levels = c("
"0","        ""Less than high school"","
"0","        ""High school or GED"","
"0","        ""Some college or AA"","
"0","        ""College graduate or above"""
"0","      )"
"0","    )"
"0","  )"
"0",""
"0","#Suncreen Use"
"0",""
"0","sun_clean <- sun_clean %>%"
"0","  mutate(regular_sunscreen = case_when("
"0","    DEQ034D %in% c(1, 2) ~ ""Regular"","
"0","    DEQ034D %in% c(3, 4, 5) ~ ""No regular"","
"0","    TRUE ~ NA_character_),"
"0","    "
"0","    regular_sunscreen = factor("
"0","      regular_sunscreen, levels = c("
"0","        ""Not Regular"", ""Regular"")"
"0","  )"
"0",""
"0","#Work schedule"
"0","    "
"0","sun_clean <- sun_clean %>%"
"2","Error: unexpected symbol in:
""    
sun_clean""
"
