"0","#Data summary"
"0","numeric_summary <- tibble("
"0","  Variable = c(""Outdoor time (minutes)"", ""Age (years)""),"
"0","  Mean = c("
"0","    mean(study2_final$outdoor_workday),"
"0","    mean(study2_final$RIDAGEYR)"
"0","  ),"
"0","  SD = c("
"0","    sd(study2_final$outdoor_workday),"
"0","    sd(study2_final$RIDAGEYR)"
"0","  ),"
"0","  Median = c("
"0","    median(study2_final$outdoor_workday),"
"0","    median(study2_final$RIDAGEYR)"
"0","  ),"
"0","  Min = c("
"0","    min(study2_final$outdoor_workday),"
"0","    min(study2_final$RIDAGEYR)"
"0","  ),"
"0","  Max = c("
"0","    max(study2_final$outdoor_workday),"
"0","    max(study2_final$RIDAGEYR)"
"0","  )"
"0",")"
"0",""
"0","numeric_summary %>%"
"0","  kable("
"0","    digits = 1,"
"0","    caption = ""Summary of Numeric Variables"""
"0","  )"
