"0",""
"0","#Install necessary packages"
"0",""
"0","knitr::opts_chunk$set(comment = NA)"
"0","#install.packages(c(""tidyverse"",""janitor"",""knitr"",""magrittr"",""broom"",""naniar"",""patchwork""))"
"0","#install.packages(""haven"")"
"0","#install.packages(""nhanesA"")"
"0","library(nhanesA)"
"0","library(haven)"
"0","library(janitor)"
"0","library(knitr) "
"0","library(magrittr)"
"0","library(broom) "
"0","library(naniar)"
"0","library(patchwork)"
"0","library(tidyverse)"
"0",""
"0",""
"0","#Download raw datasets from P_DEMO, P_DEQ, and P_OCQ"
"0",""
"0","#getwd()"
"0","#file.exists(""data/P_DEMO.xpt"")"
"0","demo_raw <- read_xpt(""data/P_DEMO.xpt"")"
"2","Error: 'data/P_DEMO.xpt' does not exist in current working directory ('/Users/anhlam/Desktop').
"
