"0","# Big Model predictions on test data"
"0","big_test <- study2_test %>%"
"0","  mutate("
"0","    predicted_log = predict(big_model, newdata = study2_test),"
"0","    predicted_minutes = exp(predicted_log) - 1,"
"0","    prediction_error = outdoor_workday - predicted_minutes"
"0","  )"
"0",""
"0","# Small Model predictions on original scale"
"0","small_test <- study2_test %>%"
"0","  mutate("
"0","    predicted_log = predict(small_model, newdata = study2_test),"
"0","    predicted_minutes = exp(predicted_log) - 1,"
"0","    prediction_error = outdoor_workday - predicted_minutes"
"0","  )"
"0",""
