"0","#Data Summary"
"0","study1 %>%"
"0","  summarize("
"0","    n = n(),"
"0","      age_mean = mean(RIDAGEYR),"
"0","      age_sd = sd(RIDAGEYR),"
"0","      age_min = min(RIDAGEYR),"
"0","      age_max = max(RIDAGEYR),"
"0","      workday_mean = mean(outdoor_workday),"
"0","      workday_sd = sd(outdoor_workday),"
"0","      workday_median = median(outdoor_workday),"
"0","      workday_min = min(outdoor_workday),"
"0","      workday_max = max(outdoor_workday),"
"0","      nonworkday_mean = mean(outdoor_nonworkday),"
"0","      nonworkday_sd = sd(outdoor_nonworkday),"
"0","      nonworkday_median = median(outdoor_nonworkday),"
"0","      nonworkday_min = min(outdoor_nonworkday),"
"0","      nonworkday_max = max(outdoor_nonworkday)"
"0","  ) %>%"
"0","  "
"0","  kable(digits = 1)"
