"0","#Analysis B"
"0",""
"0","#1. Questions: What does time spent outdoors between 9am and 5pm looks like on work or school days for female versus male participants? "
"0",""
"0","#This can be done by comparing the means of the time spend by the two groups. And two plots woud better demonstrate how the time spent differs for the two groups. "
"0",""
"0","#2. Description: The variables we're looking at are outdoor_workday (time spent outdoors on work/ school days) for female and for male. We want to see if men spend more time outdoors than women do when they have school or work responsibilities. "
"0",""
"0","#3. Main Analysis: Histogram plots for time spent outdoors for the two groups."
"0",""
"0","study1 %>%"
"0","  ggplot(aes(x = outdoor_workday)) +"
"0","  geom_histogram(bins = 30) +"
"0","  facet_grid(gender ~ .) +"
"0","  labs("
"0","    title = ""Outdoor Time on Work/School Days by Gender"","
"0","    x = ""Time spent outdoors (minutes)"","
"0","    y = ""Count"""
"0","  )"
