"0","codebook <- tibble("
"0","  Variable = c("
"0","    ""SEQN"","
"0","    ""outdoor_workday"","
"0","    ""education"","
"0","    ""RIDAGEYR"","
"0","    ""gender"","
"0","    ""race_ethnicity"","
"0","    ""regular_sunscreen"""
"0","  ),"
"0","  Description = c("
"0","    ""Participant ID"","
"0","    ""Time spent outdoors on work/school days (minutes)"","
"0","    ""Highest education level"","
"0","    ""Age in years"","
"0","    ""Gender"","
"0","    ""Race/ethnicity"","
"0","    ""Regular sunscreen use"""
"0","  ),"
"0","  Role = c("
"0","    ""ID"","
"0","    ""Outcome"","
"0","    ""Key predictor"","
"0","    ""Predictor"","
"0","    ""Predictor"","
"0","    ""Predictor"","
"0","    ""Predictor"""
"0","  )"
"0",")"
"0",""
"0","codebook %>%"
"0","  kable("
"0","    caption = ""Codebook for Study 2 Analytic Variables"""
"0","  )"
