"0","study1 %>% 
  tabyl(education, sunscreen)
"
"1",""
"1","                 education"
"1"," Always"
"1"," Most of the time"
"1"," Sometimes"
"1"," Rarely"
"1"," Never"
"1","
"
"1","     Less than high school"
"1","     51"
"1","               34"
"1","       128"
"1","    108"
"1","   417"
"1","
"
"1","        High school or GED"
"1","     60"
"1","               67"
"1","       162"
"1","    198"
"1","   611"
"1","
"
"1","        Some college or AA"
"1","    125"
"1","              215"
"1","       366"
"1","    338"
"1","   627"
"1","
"
"1"," College graduate or above"
"1","    158"
"1","              274"
"1","       366"
"1","    259"
"1","   257"
"1","
"
