"0","#| include: false"
"0",""
"0","library(tidyverse)"
"0","library(haven)"
"0","library(knitr)"
"0",""
"0",""
"0","demo_raw <- read_xpt(""data/P_DEMO.xpt"")"
"0","deq_raw  <- read_xpt(""data/P_DEQ.xpt"")"
"0",""
"0","dashboard_data <- demo_raw %>%"
"0","  select(SEQN, RIDSTATR, RIDAGEYR, RIAGENDR, RIDRETH3, DMDEDUC2) %>%"
"0","  left_join("
"0","    deq_raw %>% select(SEQN, DED120, DED125, DEQ034D),"
"0","    by = ""SEQN"""
"0","  ) %>%"
"0","  filter("
"0","    RIDSTATR == 2,"
"0","    RIDAGEYR >= 20,"
"0","    RIDAGEYR <= 59"
"0","  ) %>%"
"0","  mutate("
"0","    DED120 = replace(DED120, DED120 %in% c(3333, 7777, 9999), NA),"
"0","    DMDEDUC2 = replace(DMDEDUC2, DMDEDUC2 %in% c(7, 9), NA),"
"0","    DEQ034D = replace(DEQ034D, DEQ034D %in% c(7, 9), NA),"
"0",""
"0","    outdoor_workday = DED120,"
"0",""
"0","    gender = factor("
"0","      RIAGENDR, "
"0","      levels = c(1,2),"
"0","      labels = c(""Male"", ""Female"")"
"0","    ),"
"0","    "
"0","    education = case_when("
"0","      DMDEDUC2 %in% c(1, 2) ~ ""Less than high school"","
"0","      DMDEDUC2 == 3 ~ ""High school or GED"","
"0","      DMDEDUC2 == 4 ~ ""Some college or AA"","
"0","      DMDEDUC2 == 5 ~ ""College graduate or above"","
"0","      TRUE ~ NA_character_"
"0","    ),"
"0","    "
"0","    education = factor("
"0","      education,"
"0","      levels = c("
"0","        ""Less than high school"","
"0","        ""High school or GED"","
"0","        ""Some college or AA"","
"0","        ""College graduate or above"" "
"0","      )"
"0","    ),"
"0",""
"0","    regular_sunscreen = case_when("
"0","      DEQ034D %in% c(1, 2) ~ ""Regular"","
"0","      DEQ034D %in% c(3, 4, 5) ~ ""Not Regular"","
"0","      TRUE ~ NA_character_"
"0","    )"
"0","  ) %>%"
"0","  filter("
"0","    !is.na(outdoor_workday),"
"0","    !is.na(education)"
"0","  )"
"0",""
"0","regular_pct <- dashboard_data %>%"
"0","  filter(!is.na(regular_sunscreen)) %>%"
"0","  summarize("
"0","    pct = mean(regular_sunscreen == ""Regular"") * 100"
"0","  ) %>%"
"0","  pull(pct)"
"0",""
