"0","#Analysis C"
"0",""
"0","#1. Questions: How does the time spent outdoors on work/school days differ across education levels among adutls ages 29-59?"
"0",""
"0","#This can be done by comparing outdoor_workday across the 4 education levels: less than highschool, high school or GED, some college or AA, and college graduate or above."
"0",""
"0","#2. Description: The variables we're looking at are outdoor_workday (minutes spent outdoors from 9am to 5pm) and education. We compare the means in outdoor time across these groups. The linear model is then used to estiamte differences in the means of outdoor time, using less than high school as the reference group. "
"0",""
"0","#3. Main Analysis: Histograms are used to compare the outdoor time spent across 4 education levels. Then, the linear model will calculate the 90% condifence interval for the difference in the mean of outdoor time across 4 groups."
"0",""
"0","study1 %>%"
"0","  ggplot(aes(x = outdoor_workday)) +"
"0","  geom_histogram(bins = 30) +"
"0","  facet_grid("
"0","    education ~ .,"
"0","    labeller = label_wrap_gen(width = 25),"
"0","    switch = ""y"""
"0","  ) +"
"0","  labs("
"0","    title = ""Outdoor Time on Work/School Days by Education Level"","
"0","    x = ""Time spent outdoors (minutes)"","
"0","    y = ""Count"""
"0","  ) +"
"0","  theme("
"0","    strip.placement = ""outside"","
"0","    strip.text.y.left = element_text(angle = 0)"
"0","  )"
