"0","xfun::session_info()"
"1","R version 4.6.1 (2026-06-24)"
"1","
"
"1","Platform: aarch64-apple-darwin23"
"1","
"
"1","Running under: macOS Tahoe 26.6.2, RStudio 2026.8.1.195"
"1","
"
"1",""
"1","
"
"1","Locale: en_US.UTF-8 / en_US.UTF-8 / en_US.UTF-8 / C / en_US.UTF-8 / en_US.UTF-8"
"1","
"
"1",""
"1","
"
"1","Package version:"
"1","
"
"1","  askpass_1.2.1       backports_1.5.1     base64enc_0.1.6     bit_4.6.0           bit64_4.8.6         blob_1.3.0          boot_1.3-32         broom_1.0.13       "
"1","
"
"1","  bslib_0.12.0        cachem_1.1.0        callr_3.8.0         cellranger_1.1.0    cli_3.6.6           clipr_0.8.1         codetools_0.2-20    compiler_4.6.1     "
"1","
"
"1","  conflicted_1.2.0    cpp11_0.5.5         crayon_1.5.3        curl_8.0.0          data.table_1.18.6.1 DBI_1.3.0           dbplyr_2.6.0        digest_0.6.39      "
"1","
"
"1","  dplyr_1.2.1         dtplyr_1.3.3        evaluate_1.0.5      farver_2.1.2        fastmap_1.2.0       fontawesome_0.5.3   forcats_1.0.1       foreach_1.5.2      "
"1","
"
"1","  foreign_0.8-91      fs_2.1.0            gargle_1.6.1        generics_0.1.4      ggplot2_4.0.3       glmnet_5.1          glue_1.8.1          googledrive_2.1.2  "
"1","
"
"1","  googlesheets4_1.1.2 graphics_4.6.1      grDevices_4.6.1     grid_4.6.1          gridExtra_2.3.1     gtable_0.3.6        haven_2.5.5         highr_0.12         "
"1","
"
"1","  hms_1.1.4           htmltools_0.5.9     httr_1.4.8          ids_1.0.1           isoband_0.3.0       iterators_1.0.14    janitor_2.2.1       jomo_2.7-6         "
"1","
"
"1","  jquerylib_0.1.4     jsonlite_2.0.0      knitr_1.52          labeling_0.4.3      lattice_0.22-9      lifecycle_1.0.5     lme4_2.0-6          lubridate_1.9.5    "
"1","
"
"1","  magrittr_2.0.5      MASS_7.3-65         Matrix_1.7-5        memoise_2.0.1       methods_4.6.1       mgcv_1.9-4          mice_3.19.0         mime_0.13          "
"1","
"
"1","  minqa_1.2.8         mitml_0.4-5         modelr_0.1.11       naniar_1.1.0        nhanesA_1.4.1       nlme_3.1-169        nloptr_2.2.1        nnet_7.3-20        "
"1","
"
"1","  norm_1.0.11.1       numDeriv_2016.8.1.1 openssl_2.4.2       ordinal_2026.7.26   otel_0.2.0          pan_2.0             parallel_4.6.1      patchwork_1.3.2    "
"1","
"
"1","  pillar_1.11.1       pkgconfig_2.0.3     plyr_1.8.9          prettyunits_1.2.0   processx_3.9.0      progress_1.2.3      ps_1.9.3            purrr_1.2.2        "
"1","
"
"1","  R6_2.6.1            ragg_1.5.2          rappdirs_0.3.4      rbibutils_2.4.1     RColorBrewer_1.1-3  Rcpp_1.1.2          RcppEigen_0.3.4.0.2 Rdpack_2.6.6       "
"1","
"
"1","  readr_2.2.0         readxl_1.5.0        reformulas_0.4.4    rematch_2.0.0       rematch2_2.1.2      reprex_2.1.1        rlang_1.3.0         rmarkdown_2.31     "
"1","
"
"1","  rpart_4.1.27        rstudioapi_0.19.0   rvest_1.0.5         S7_0.2.2            sass_0.4.10         scales_1.4.0        selectr_0.6.0       shape_1.4.6.1      "
"1","
"
"1","  snakecase_0.11.1    splines_4.6.1       stats_4.6.1         stats4_4.6.1        stringi_1.8.9       stringr_1.6.0       survival_3.8-6      sys_3.4.3          "
"1","
"
"1","  systemfonts_1.3.2   textshaping_1.0.5   tibble_3.3.1        tidyr_1.3.2         tidyselect_1.2.1    tidyverse_2.0.0     timechange_0.4.0    tinytex_0.60       "
"1","
"
"1","  tools_4.6.1         tzdb_0.5.0          ucminf_1.2.3        UpSetR_1.4.1        utf8_1.2.6          utils_4.6.1         uuid_1.2.2          vctrs_0.7.3        "
"1","
"
"1","  viridis_0.6.5       viridisLite_0.4.3   visdat_0.6.1        vroom_1.7.1         withr_3.0.3         xfun_0.61           xml2_1.6.0          yaml_2.3.12        "
"1","
"
