"0","##Code book"
"0",""
"0","codebook <- tibble("
"0","  Variable = c("
"0","    ""SEQN"","
"0","    ""outdoor_workday"","
"0","    ""outdoor_nonworkday"","
"0","    ""gender"","
"0","    ""education"","
"0","    ""sunscreen"","
"0","    ""regular_sunscreen"""
"0","  ),"
"0","  "
"0","  Description = c("
"0","    ""NHANES participant identifier"","
"0","    ""Minutes outdoors from 9am to 5pm on work or school days"","
"0","    ""Minutes outdoors from 9am to 5pm on nonwork or nonschool days"","
"0","    ""Gender"","
"0","    ""Education/degree status"","
"0","    ""Frequency of sunscreen use when outside on a very sunny day for more than 1hour"","
"0","    ""Regular sunscreen use, from always, most of the time to rarely and never"""
"0","  ),"
"0","  "
"0","  Type = c("
"0","    ""Identifier"","
"0","    ""Quant"","
"0","    ""Quant"","
"0","    ""Binary"","
"0","    ""Cat"","
"0","    ""Cat"","
"0","    ""Binary"""
"0","    "
"0","  ),"
"0","  "
"0","  'Original Variable' = c("
"0","    ""SEQN"","
"0","    ""DED120"","
"0","    ""DED125"","
"0","    ""RIAGENDR"","
"0","    ""DMDEDUC2"","
"0","    ""DEQ034D"","
"0","    ""DEQ034D"""
"0","    "
"0","  )"
"0",")"
"0","  "
"0","codebook %>%"
"0","  knitr::kable()"
