"0","#Analysis A"
"0",""
"0","#1. Questions: What does time spent outdoors between 9am and 5pm looks like on work or school days versus on non-work/ non-school days for adult ages 20-59? "
"0",""
"0","#This can be done by comparing the means of the time spend by the two groups. But two plots side-by-side woud better demonstrate how the time spent differs at each time interval. "
"0",""
"0","#2. Description: The variables we're looking at are outdoor_workday and outdoor_nonworkday, which correspond to the time spent outdoors on work/ school days and the the time spent outdoors on nonwork/ school days. We want to see whether or not people spend more time outdoors when they don't have school or work responsibilities. "
"0",""
"0","#3. Main Analysis: Histogram plots for time spent outdoors for the two groups."
"0",""
"0","p1 <- ggplot(study1, aes(x = outdoor_workday)) +"
"0","  geom_histogram(bins = 30) +"
"0","  labs("
"0","    title = ""Work/School Days"","
"0","    x = ""Time spent outdoors (minutes)"","
"0","    y = ""Count"""
"0","  )"
"0",""
"0","p2 <- ggplot(study1, aes(x = outdoor_nonworkday)) +"
"0","  geom_histogram(bins = 30) +"
"0","  labs("
"0","    title = ""Non-Work/Non-School Days"","
"0","    x = ""Time spent outdoors (minutes)"","
"0","    y = ""Count"""
"0","  )"
"0",""
"0","p1 + p2"
