"0","#The Big Model uses log transformation to predict the outdoor time on work/school days as the the outcome, including additional predictors such as education, age, gender, race/ethnicity, and regular sunscreen use. "
"0",""
"0","#Big Model"
"0","big_model <- lm("
"0","  log_outdoor_workday ~ education + RIDAGEYR + gender +"
"0","    race_ethnicity + regular_sunscreen,"
"0","  data = study2_train"
"0",")"
"0",""
"0","# Coefficient summary"
"0","tidy(big_model, conf.int = TRUE) %>%"
"0","  kable("
"0","    digits = 3,"
"0","    caption = ""Coefficient Estimates for the Big Model"""
"0","  )"
