"0","#Actual vs Predicted Plot"
"0",""
"0","prediction_plot <- bind_rows("
"0","  big_test %>%"
"0","    select(outdoor_workday, predicted_minutes) %>%"
"0","    mutate(Model = ""Big Model""),"
"0","  "
"0","  small_test %>%"
"0","    select(outdoor_workday, predicted_minutes) %>%"
"0","    mutate(Model = ""Small Model"")"
"0",")"
"0",""
"0","ggplot("
"0","  prediction_plot,"
"0","  aes(x = outdoor_workday, y = predicted_minutes)"
"0",") +"
"0","  geom_point(alpha = 0.4) +"
"0","  geom_abline("
"0","    intercept = 0,"
"0","    slope = 1,"
"0","    linetype = ""dashed"""
"0","  ) +"
"0","  facet_wrap(~ Model) +"
"0","  labs("
"0","    title = ""Actual vs. Predicted Outdoor Time"","
"0","    x = ""Actual outdoor time (minutes)"","
"0","    y = ""Predicted outdoor time (minutes)"""
"0","  )"
