"0","demo_raw <- read_xpt(""data/P_DEMO.xpt"")"
"0","deq_raw <- read_xpt(""data/P_DEQ.xpt"")"
"0","ocq_raw <- read_xpt(""data/P_OCQ.xpt"")"
"0",""
"0","#Load original datasets from NHANES"
"0",""
"0","dim(demo_raw)"
"1","[1]"
"1"," 15560"
"1","    29"
"1","
"
"0","dim(deq_raw)"
"1","[1]"
"1"," 5810"
"1","    6"
"1","
"
"0","dim(ocq_raw)"
"1","[1]"
"1"," 10195"
"1","     6"
"1","
"
"0","#Select target variables for eah dataset"
"0",""
"0","demo <- demo_raw %>%"
"0","  select(SEQN, RIDSTATR, RIDAGEYR, RIAGENDR, RIDRETH3, DMDEDUC2)"
"0",""
"0","deq <- deq_raw %>%"
"0","  select(SEQN, DED120, DED125, DEQ034A, DEQ034C, DEQ034D)"
"0","         "
"0","ocq <- ocq_raw %>%"
"0","  select(SEQN, OCD150, OCQ180, OCQ670 )"
"0",""
"0","#Quick look at each modified dataset"
"0",""
"0","glimpse(ocq)"
"1","Rows: 10,195"
"1",""
"1","
"
"1","Columns: 4"
"1",""
"1","
"
"1","$ SEQN   [3m[38;5;246m<dbl>[39m[23m 109266[38;5;246m, [39m109267[38;5;246m, [39m109268[38;5;246m, [39m109271[38;5;246m, [39m109273[38;5;246m, [39m109274[38;5;246m, [39m109279[38;5;246m, [39m109282[38;5;246m, [39m109283[38;5;246m, [39m109284[38;5;246m, [39m109285[38;5;246m, [39m109286[38;5;246m, [39m109290[38;5;246m, [39m109291[38;5;246m, [39m109292[38;5;246m, [39m109293[38;5;246m, [39m109295[38;5;246m, [39m1092…
$ OCD150 [3m[38;5;246m<dbl>[39m[23m 1[38;5;246m, [39m1[38;5;246m, [39m4[38;5;246m, [39m4[38;5;246m, [39m1[38;5;246m, [39m4[38;5;246m, [39m4[38;5;246m, [39m4[38;5;246m, [39m4[38;5;246m, [39m1[38;5;246m, [39m4[38;5;246m, [39m1[38;5;246m, [39m1[38;5;246m, [39m1[38;5;246m, [39m4[38;5;246m, [39m3[38;5;246m, [39m1[38;5;246m, [39m1[38;5;246m, [39m4[38;5;246m, [39m1[38;5;246m, [39m2[38;5;246m, [39m1[38;5;246m, [39m1[38;5;246m, [39m1[38;5;246m, [39m1[38;5;246m, [39m1[38;5;246m, [39m1[38;5;246m, [39m4[38;5;246m, [39m1[38;5;246m, [39m1[38;5;246m, [39m2[38;5;246m, [39m1[38;5;246m, [39m1[38;5;246m, [39m4[38;5;246m, [39m4[38;5;246m, [39m1[38;5;246m, [39m4[38;5;246m, [39m1[38;5;246m, [39m4[38;5;246m, [39m1[38;5;246m, [39m1[38;5;246m, [39m4[38;5;246m, [39m4[38;5;246m, [39m1[38;5;246m, [39m1[38;5;246m, [39m4[38;5;246m, [39m4[38;5;246m,[39m…
$ OCQ180 [3m[38;5;246m<dbl>[39m[23m 40[38;5;246m, [39m40[38;5;246m, [39m[31mNA[39m[38;5;246m, [39m[31mNA[39m[38;5;246m, [39m28[38;5;246m, [39m[31mNA[39m[38;5;246m, [39m[31mNA[39m[38;5;246m, [39m[31mNA[39m[38;5;246m, [39m[31mNA[39m[38;5;246m, [39m38[38;5;246m, [39m[31mNA[39m[38;5;246m, [39m20[38;5;246m, [39m60[38;5;246m, [39m8[38;5;246m, [39m[31mNA[39m[38;5;246m, [39m[31mNA[39m[38;5;246m, [39m43[38;5;246m, [39m16[38;5;246m, [39m[31mNA[39m[38;5;246m, [39m60[38;5;246m, [39m[31mNA[39m[38;5;246m, [39m40[38;5;246m, [39m72[38;5;246m, [39m36[38;5;246m, [39m16[38;5;246m, [39m25[38;5;246m, [39m28[38;5;246m, [39m[31mNA[39m[38;5;246m, [39m30[38;5;246m, [39m40[38;5;246m, [39m[31mNA[39m[38;5;246m, [39m56[38;5;246m, [39m35[38;5;246m, [39m[31mNA[39m[38;5;246m, [39m[31mNA[39m[38;5;246m, [39m4…
$ OCQ670 [3m[38;5;246m<dbl>[39m[23m 1[38;5;246m, [39m1[38;5;246m, [39m[31mNA[39m[38;5;246m, [39m[31mNA[39m[38;5;246m, [39m2[38;5;246m, [39m[31mNA[39m[38;5;246m, [39m[31mNA[39m[38;5;246m, [39m[31mNA[39m[38;5;246m, [39m[31mNA[39m[38;5;246m, [39m5[38;5;246m, [39m[31mNA[39m[38;5;246m, [39m5[38;5;246m, [39m2[38;5;246m, [39m5[38;5;246m, [39m[31mNA[39m[38;5;246m, [39m[31mNA[39m[38;5;246m, [39m1[38;5;246m, [39m1[38;5;246m, [39m[31mNA[39m[38;5;246m, [39m5[38;5;246m, [39m5[38;5;246m, [39m1[38;5;246m, [39m5[38;5;246m, [39m1[38;5;246m, [39m5[38;5;246m, [39m1[38;5;246m, [39m5[38;5;246m, [39m[31mNA[39m[38;5;246m, [39m1[38;5;246m, [39m2[38;5;246m, [39m5[38;5;246m, [39m1[38;5;246m, [39m5[38;5;246m, [39m[31mNA[39m[38;5;246m, [39m[31mNA[39m[38;5;246m, [39m1[38;5;246m, [39m[31mNA[39m[38;5;246m, [39m1[38;5;246m, [39m[31mNA[39m[38;5;246m, [39m1[38;5;246m, [39m2[38;5;246m, [39m[31mNA[39m…"
"1",""
"1","
"
"0","#Merge tibbles for deq and ocq"
"0","sun_raw <- demo %>%"
"0","  left_join(deq, by = ""SEQN"") %>%"
"0","  left_join(ocq, by = ""SEQN"")"
"0",""
"0","#Double check to see merge is good"
"0","dim(sun_raw)"
"1","[1]"
"1"," 15560"
"1","    14"
"1","
"
"0","glimpse(sun_raw)"
"1","Rows: 15,560"
"1",""
"1","
"
"1","Columns: 14"
"1",""
"1","
"
"1","$ SEQN     [3m[38;5;246m<dbl>[39m[23m 109263[38;5;246m, [39m109264[38;5;246m, [39m109265[38;5;246m, [39m109266[38;5;246m, [39m109267[38;5;246m, [39m109268[38;5;246m, [39m109269[38;5;246m, [39m109270[38;5;246m, [39m109271[38;5;246m, [39m109272[38;5;246m, [39m109273[38;5;246m, [39m109274[38;5;246m, [39m109275[38;5;246m, [39m109276[38;5;246m, [39m109277[38;5;246m, [39m109278[38;5;246m, [39m109279[38;5;246m, [39m10…
$ RIDSTATR [3m[38;5;246m<dbl>[39m[23m 2[38;5;246m, [39m2[38;5;246m, [39m2[38;5;246m, [39m2[38;5;246m, [39m1[38;5;246m, [39m1[38;5;246m, [39m2[38;5;246m, [39m2[38;5;246m, [39m2[38;5;246m, [39m2[38;5;246m, [39m2[38;5;246m, [39m2[38;5;246m, [39m2[38;5;246m, [39m2[38;5;246m, [39m2[38;5;246m, [39m2[38;5;246m, [39m2[38;5;246m, [39m2[38;5;246m, [39m2[38;5;246m, [39m2[38;5;246m, [39m1[38;5;246m, [39m2[38;5;246m, [39m2[38;5;246m, [39m2[38;5;246m, [39m2[38;5;246m, [39m2[38;5;246m, [39m2[38;5;246m, [39m2[38;5;246m, [39m2[38;5;246m, [39m2[38;5;246m, [39m2[38;5;246m, [39m2[38;5;246m, [39m2[38;5;246m, [39m2[38;5;246m, [39m2[38;5;246m, [39m2[38;5;246m, [39m1[38;5;246m, [39m2[38;5;246m, [39m2[38;5;246m, [39m2[38;5;246m, [39m2[38;5;246m, [39m2[38;5;246m, [39m2[38;5;246m, [39m2[38;5;246m, [39m2[38;5;246m, [39m2[38;5;246m, [39m…
$ RIDAGEYR [3m[38;5;246m<dbl>[39m[23m 2[38;5;246m, [39m13[38;5;246m, [39m2[38;5;246m, [39m29[38;5;246m, [39m21[38;5;246m, [39m18[38;5;246m, [39m2[38;5;246m, [39m11[38;5;246m, [39m49[38;5;246m, [39m0[38;5;246m, [39m36[38;5;246m, [39m68[38;5;246m, [39m6[38;5;246m, [39m0[38;5;246m, [39m12[38;5;246m, [39m6[38;5;246m, [39m17[38;5;246m, [39m2[38;5;246m, [39m0[38;5;246m, [39m76[38;5;246m, [39m52[38;5;246m, [39m44[38;5;246m, [39m16[38;5;246m, [39m33[38;5;246m, [39m11[38;5;246m, [39m5[38;5;246m, [39m2[38;5;246m, [39m68[38;5;246m, [39m42[38;5;246m, [39m58[38;5;246m, [39m44[38;5;246m, [39m0[38;5;246m, [39m54[38;5;246m, [39m10[38;5;246m, [39m30[38;5;246m, [39m68[38;5;246m, [39m4[38;5;246m, [39m54[38;5;246m,[39m…
$ RIAGENDR [3m[38;5;246m<dbl>[39m[23m 1[38;5;246m, [39m2[38;5;246m, [39m1[38;5;246m, [39m2[38;5;246m, [39m2[38;5;246m, [39m2[38;5;246m, [39m1[38;5;246m, [39m2[38;5;246m, [39m1[38;5;246m, [39m1[38;5;246m, [39m1[38;5;246m, [39m1[38;5;246m, [39m1[38;5;246m, [39m1[38;5;246m, [39m2[38;5;246m, [39m2[38;5;246m, [39m2[38;5;246m, [39m2[38;5;246m, [39m2[38;5;246m, [39m1[38;5;246m, [39m1[38;5;246m, [39m2[38;5;246m, [39m1[38;5;246m, [39m2[38;5;246m, [39m2[38;5;246m, [39m1[38;5;246m, [39m1[38;5;246m, [39m2[38;5;246m, [39m2[38;5;246m, [39m1[38;5;246m, [39m1[38;5;246m, [39m2[38;5;246m, [39m2[38;5;246m, [39m1[38;5;246m, [39m2[38;5;246m, [39m1[38;5;246m, [39m2[38;5;246m, [39m2[38;5;246m, [39m2[38;5;246m, [39m2[38;5;246m, [39m1[38;5;246m, [39m2[38;5;246m, [39m1[38;5;246m, [39m1[38;5;246m, [39m1[38;5;246m, [39m1[38;5;246m, [39m…
$ RIDRETH3 [3m[38;5;246m<dbl>[39m[23m 6[38;5;246m, [39m1[38;5;246m, [39m3[38;5;246m, [39m6[38;5;246m, [39m2[38;5;246m, [39m3[38;5;246m, [39m2[38;5;246m, [39m4[38;5;246m, [39m3[38;5;246m, [39m1[38;5;246m, [39m3[38;5;246m, [39m7[38;5;246m, [39m3[38;5;246m, [39m4[38;5;246m, [39m1[38;5;246m, [39m2[38;5;246m, [39m3[38;5;246m, [39m1[38;5;246m, [39m1[38;5;246m, [39m3[38;5;246m, [39m7[38;5;246m, [39m1[38;5;246m, [39m4[38;5;246m, [39m6[38;5;246m, [39m3[38;5;246m, [39m2[38;5;246m, [39m7[38;5;246m, [39m4[38;5;246m, [39m6[38;5;246m, [39m2[38;5;246m, [39m3[38;5;246m, [39m7[38;5;246m, [39m1[38;5;246m, [39m4[38;5;246m, [39m6[38;5;246m, [39m3[38;5;246m, [39m7[38;5;246m, [39m6[38;5;246m, [39m4[38;5;246m, [39m4[38;5;246m, [39m6[38;5;246m, [39m3[38;5;246m, [39m6[38;5;246m, [39m3[38;5;246m, [39m6[38;5;246m, [39m4[38;5;246m, [39m…
$ DMDEDUC2 [3m[38;5;246m<dbl>[39m[23m [31mNA[39m[38;5;246m, [39m[31mNA[39m[38;5;246m, [39m[31mNA[39m[38;5;246m, [39m5[38;5;246m, [39m4[38;5;246m, [39m[31mNA[39m[38;5;246m, [39m[31mNA[39m[38;5;246m, [39m[31mNA[39m[38;5;246m, [39m2[38;5;246m, [39m[31mNA[39m[38;5;246m, [39m4[38;5;246m, [39m4[38;5;246m, [39m[31mNA[39m[38;5;246m, [39m[31mNA[39m[38;5;246m, [39m[31mNA[39m[38;5;246m, [39m[31mNA[39m[38;5;246m, [39m[31mNA[39m[38;5;246m, [39m[31mNA[39m[38;5;246m, [39m[31mNA[39m[38;5;246m, [39m5[38;5;246m, [39m3[38;5;246m, [39m2[38;5;246m, [39m[31mNA[39m[38;5;246m, [39m5[38;5;246m, [39m[31mNA[39m[38;5;246m, [39m[31mNA[39m[38;5;246m, [39m[31mNA[39m[38;5;246m, [39m5[38;5;246m, [39m5[38;5;246m, [39m3[38;5;246m, [39m3[38;5;246m, [39m[31mNA[39m[38;5;246m, [39m1[38;5;246m, [39m[31mNA[39m[38;5;246m, [39m4[38;5;246m, [39m1[38;5;246m, [39m[31mNA[39m[38;5;246m, [39m5[38;5;246m, [39m[31mNA[39m[38;5;246m,[39m…
$ DED120   [3m[38;5;246m<dbl>[39m[23m [31mNA[39m[38;5;246m, [39m[31mNA[39m[38;5;246m, [39m[31mNA[39m[38;5;246m, [39m30[38;5;246m, [39m60[38;5;246m, [39m[31mNA[39m[38;5;246m, [39m[31mNA[39m[38;5;246m, [39m[31mNA[39m[38;5;246m, [39m3333[38;5;246m, [39m[31mNA[39m[38;5;246m, [39m360[38;5;246m, [39m[31mNA[39m[38;5;246m, [39m[31mNA[39m[38;5;246m, [39m[31mNA[39m[38;5;246m, [39m[31mNA[39m[38;5;246m, [39m[31mNA[39m[38;5;246m, [39m[31mNA[39m[38;5;246m, [39m[31mNA[39m[38;5;246m, [39m[31mNA[39m[38;5;246m, [39m[31mNA[39m[38;5;246m, [39m480[38;5;246m, [39m240[38;5;246m, [39m[31mNA[39m[38;5;246m, [39m60[38;5;246m, [39m[31mNA[39m[38;5;246m, [39m[31mNA[39m[38;5;246m, [39m[31mNA[39m[38;5;246m, [39m[31mNA[39m[38;5;246m, [39m120[38;5;246m, [39m0[38;5;246m, [39m120[38;5;246m, [39m[31mNA[39m[38;5;246m, [39m0[38;5;246m, [39m[31mN[39m…
$ DED125   [3m[38;5;246m<dbl>[39m[23m [31mNA[39m[38;5;246m, [39m[31mNA[39m[38;5;246m, [39m[31mNA[39m[38;5;246m, [39m60[38;5;246m, [39m300[38;5;246m, [39m[31mNA[39m[38;5;246m, [39m[31mNA[39m[38;5;246m, [39m[31mNA[39m[38;5;246m, [39m180[38;5;246m, [39m[31mNA[39m[38;5;246m, [39m240[38;5;246m, [39m[31mNA[39m[38;5;246m, [39m[31mNA[39m[38;5;246m, [39m[31mNA[39m[38;5;246m, [39m[31mNA[39m[38;5;246m, [39m[31mNA[39m[38;5;246m, [39m[31mNA[39m[38;5;246m, [39m[31mNA[39m[38;5;246m, [39m[31mNA[39m[38;5;246m, [39m[31mNA[39m[38;5;246m, [39m300[38;5;246m, [39m300[38;5;246m, [39m[31mNA[39m[38;5;246m, [39m120[38;5;246m, [39m[31mNA[39m[38;5;246m, [39m[31mNA[39m[38;5;246m, [39m[31mNA[39m[38;5;246m, [39m[31mNA[39m[38;5;246m, [39m0[38;5;246m, [39m0[38;5;246m, [39m240[38;5;246m, [39m[31mNA[39m[38;5;246m, [39m60[38;5;246m, [39m[31mN[39m…
$ DEQ034A  [3m[38;5;246m<dbl>[39m[23m [31mNA[39m[38;5;246m, [39m[31mNA[39m[38;5;246m, [39m[31mNA[39m[38;5;246m, [39m3[38;5;246m, [39m3[38;5;246m, [39m[31mNA[39m[38;5;246m, [39m[31mNA[39m[38;5;246m, [39m[31mNA[39m[38;5;246m, [39m3[38;5;246m, [39m[31mNA[39m[38;5;246m, [39m3[38;5;246m, [39m[31mNA[39m[38;5;246m, [39m[31mNA[39m[38;5;246m, [39m[31mNA[39m[38;5;246m, [39m[31mNA[39m[38;5;246m, [39m[31mNA[39m[38;5;246m, [39m[31mNA[39m[38;5;246m, [39m[31mNA[39m[38;5;246m, [39m[31mNA[39m[38;5;246m, [39m[31mNA[39m[38;5;246m, [39m3[38;5;246m, [39m1[38;5;246m, [39m[31mNA[39m[38;5;246m, [39m2[38;5;246m, [39m[31mNA[39m[38;5;246m, [39m[31mNA[39m[38;5;246m, [39m[31mNA[39m[38;5;246m, [39m[31mNA[39m[38;5;246m, [39m4[38;5;246m, [39m2[38;5;246m, [39m3[38;5;246m, [39m[31mNA[39m[38;5;246m, [39m3[38;5;246m, [39m[31mNA[39m[38;5;246m, [39m3[38;5;246m, [39m[31mNA[39m[38;5;246m, [39m[31mNA[39m[38;5;246m, [39m1[38;5;246m,[39m…
$ DEQ034C  [3m[38;5;246m<dbl>[39m[23m [31mNA[39m[38;5;246m, [39m[31mNA[39m[38;5;246m, [39m[31mNA[39m[38;5;246m, [39m4[38;5;246m, [39m4[38;5;246m, [39m[31mNA[39m[38;5;246m, [39m[31mNA[39m[38;5;246m, [39m[31mNA[39m[38;5;246m, [39m4[38;5;246m, [39m[31mNA[39m[38;5;246m, [39m3[38;5;246m, [39m[31mNA[39m[38;5;246m, [39m[31mNA[39m[38;5;246m, [39m[31mNA[39m[38;5;246m, [39m[31mNA[39m[38;5;246m, [39m[31mNA[39m[38;5;246m, [39m[31mNA[39m[38;5;246m, [39m[31mNA[39m[38;5;246m, [39m[31mNA[39m[38;5;246m, [39m[31mNA[39m[38;5;246m, [39m5[38;5;246m, [39m1[38;5;246m, [39m[31mNA[39m[38;5;246m, [39m2[38;5;246m, [39m[31mNA[39m[38;5;246m, [39m[31mNA[39m[38;5;246m, [39m[31mNA[39m[38;5;246m, [39m[31mNA[39m[38;5;246m, [39m5[38;5;246m, [39m5[38;5;246m, [39m3[38;5;246m, [39m[31mNA[39m[38;5;246m, [39m5[38;5;246m, [39m[31mNA[39m[38;5;246m, [39m4[38;5;246m, [39m[31mNA[39m[38;5;246m, [39m[31mNA[39m[38;5;246m, [39m2[38;5;246m,[39m…
$ DEQ034D  [3m[38;5;246m<dbl>[39m[23m [31mNA[39m[38;5;246m, [39m[31mNA[39m[38;5;246m, [39m[31mNA[39m[38;5;246m, [39m3[38;5;246m, [39m1[38;5;246m, [39m[31mNA[39m[38;5;246m, [39m[31mNA[39m[38;5;246m, [39m[31mNA[39m[38;5;246m, [39m3[38;5;246m, [39m[31mNA[39m[38;5;246m, [39m3[38;5;246m, [39m[31mNA[39m[38;5;246m, [39m[31mNA[39m[38;5;246m, [39m[31mNA[39m[38;5;246m, [39m[31mNA[39m[38;5;246m, [39m[31mNA[39m[38;5;246m, [39m[31mNA[39m[38;5;246m, [39m[31mNA[39m[38;5;246m, [39m[31mNA[39m[38;5;246m, [39m[31mNA[39m[38;5;246m, [39m5[38;5;246m, [39m1[38;5;246m, [39m[31mNA[39m[38;5;246m, [39m2[38;5;246m, [39m[31mNA[39m[38;5;246m, [39m[31mNA[39m[38;5;246m, [39m[31mNA[39m[38;5;246m, [39m[31mNA[39m[38;5;246m, [39m5[38;5;246m, [39m4[38;5;246m, [39m5[38;5;246m, [39m[31mNA[39m[38;5;246m, [39m3[38;5;246m, [39m[31mNA[39m[38;5;246m, [39m3[38;5;246m, [39m[31mNA[39m[38;5;246m, [39m[31mNA[39m[38;5;246m, [39m3[38;5;246m,[39m…
$ OCD150   [3m[38;5;246m<dbl>[39m[23m [31mNA[39m[38;5;246m, [39m[31mNA[39m[38;5;246m, [39m[31mNA[39m[38;5;246m, [39m1[38;5;246m, [39m1[38;5;246m, [39m4[38;5;246m, [39m[31mNA[39m[38;5;246m, [39m[31mNA[39m[38;5;246m, [39m4[38;5;246m, [39m[31mNA[39m[38;5;246m, [39m1[38;5;246m, [39m4[38;5;246m, [39m[31mNA[39m[38;5;246m, [39m[31mNA[39m[38;5;246m, [39m[31mNA[39m[38;5;246m, [39m[31mNA[39m[38;5;246m, [39m4[38;5;246m, [39m[31mNA[39m[38;5;246m, [39m[31mNA[39m[38;5;246m, [39m4[38;5;246m, [39m4[38;5;246m, [39m1[38;5;246m, [39m4[38;5;246m, [39m1[38;5;246m, [39m[31mNA[39m[38;5;246m, [39m[31mNA[39m[38;5;246m, [39m[31mNA[39m[38;5;246m, [39m1[38;5;246m, [39m1[38;5;246m, [39m4[38;5;246m, [39m3[38;5;246m, [39m[31mNA[39m[38;5;246m, [39m1[38;5;246m, [39m[31mNA[39m[38;5;246m, [39m1[38;5;246m, [39m4[38;5;246m, [39m[31mNA[39m[38;5;246m, [39m1[38;5;246m, [39m[31mNA[39m[38;5;246m, [39m[31mNA[39m…
$ OCQ180   [3m[38;5;246m<dbl>[39m[23m [31mNA[39m[38;5;246m, [39m[31mNA[39m[38;5;246m, [39m[31mNA[39m[38;5;246m, [39m40[38;5;246m, [39m40[38;5;246m, [39m[31mNA[39m[38;5;246m, [39m[31mNA[39m[38;5;246m, [39m[31mNA[39m[38;5;246m, [39m[31mNA[39m[38;5;246m, [39m[31mNA[39m[38;5;246m, [39m28[38;5;246m, [39m[31mNA[39m[38;5;246m, [39m[31mNA[39m[38;5;246m, [39m[31mNA[39m[38;5;246m, [39m[31mNA[39m[38;5;246m, [39m[31mNA[39m[38;5;246m, [39m[31mNA[39m[38;5;246m, [39m[31mNA[39m[38;5;246m, [39m[31mNA[39m[38;5;246m, [39m[31mNA[39m[38;5;246m, [39m[31mNA[39m[38;5;246m, [39m38[38;5;246m, [39m[31mNA[39m[38;5;246m, [39m20[38;5;246m, [39m[31mNA[39m[38;5;246m, [39m[31mNA[39m[38;5;246m, [39m[31mNA[39m[38;5;246m, [39m60[38;5;246m, [39m8[38;5;246m, [39m[31mNA[39m[38;5;246m, [39m[31mNA[39m[38;5;246m, [39m[31mNA[39m[38;5;246m, [39m43[38;5;246m, [39m[31mNA[39m[38;5;246m, [39m16[38;5;246m,[39m…
$ OCQ670   [3m[38;5;246m<dbl>[39m[23m [31mNA[39m[38;5;246m, [39m[31mNA[39m[38;5;246m, [39m[31mNA[39m[38;5;246m, [39m1[38;5;246m, [39m1[38;5;246m, [39m[31mNA[39m[38;5;246m, [39m[31mNA[39m[38;5;246m, [39m[31mNA[39m[38;5;246m, [39m[31mNA[39m[38;5;246m, [39m[31mNA[39m[38;5;246m, [39m2[38;5;246m, [39m[31mNA[39m[38;5;246m, [39m[31mNA[39m[38;5;246m, [39m[31mNA[39m[38;5;246m, [39m[31mNA[39m[38;5;246m, [39m[31mNA[39m[38;5;246m, [39m[31mNA[39m[38;5;246m, [39m[31mNA[39m[38;5;246m, [39m[31mNA[39m[38;5;246m, [39m[31mNA[39m[38;5;246m, [39m[31mNA[39m[38;5;246m, [39m5[38;5;246m, [39m[31mNA[39m[38;5;246m, [39m5[38;5;246m, [39m[31mNA[39m[38;5;246m, [39m[31mNA[39m[38;5;246m, [39m[31mNA[39m[38;5;246m, [39m2[38;5;246m, [39m5[38;5;246m, [39m[31mNA[39m[38;5;246m, [39m[31mNA[39m[38;5;246m, [39m[31mNA[39m[38;5;246m, [39m1[38;5;246m, [39m[31mNA[39m[38;5;246m, [39m1[38;5;246m, [39m[31mNA[39m[38;5;246m, [39m[31mNA[39m[38;5;246m,[39m…"
"1",""
"1","
"
"0","#Filter out interview/exam status and age"
"0",""
"0","sun <- sun_raw %>%"
"0","  filter(RIDSTATR == 2,"
"0","         RIDAGEYR >= 20,"
"0","         RIDAGEYR <= 59)"
"0",""
"0","#Check for dimension and missing variables or odd observations"
"0","dim(sun)"
"1","[1]"
"1"," 5403"
"1","   14"
"1","
"
"0","summary(sun)"
"1",""
"1","      SEQN       "
"1","    RIDSTATR"
"1","    RIDAGEYR    "
"1","    RIAGENDR    "
"1","    RIDRETH3    "
"1","    DMDEDUC2    "
"1","     DED120    "
"1","     DED125    "
"1","    DEQ034A      "
"1","    DEQ034C     "
"1","
"
"1"," Min.   :109266  "
"1"," Min.   :2  "
"1"," Min.   :20.00  "
"1"," Min.   :1.000  "
"1"," Min.   :1.000  "
"1"," Min.   :1.000  "
"1"," Min.   :   0  "
"1"," Min.   :   0  "
"1"," Min.   : 1.000  "
"1"," Min.   :1.000  "
"1","
"
"1"," 1st Qu.:113142  "
"1"," 1st Qu.:2  "
"1"," 1st Qu.:30.00  "
"1"," 1st Qu.:1.000  "
"1"," 1st Qu.:3.000  "
"1"," 1st Qu.:3.000  "
"1"," 1st Qu.:  20  "
"1"," 1st Qu.:  60  "
"1"," 1st Qu.: 2.000  "
"1"," 1st Qu.:3.000  "
"1","
"
"1"," Median :117081  "
"1"," Median :2  "
"1"," Median :40.00  "
"1"," Median :2.000  "
"1"," Median :3.000  "
"1"," Median :4.000  "
"1"," Median :  60  "
"1"," Median : 120  "
"1"," Median : 3.000  "
"1"," Median :4.000  "
"1","
"
"1"," Mean   :117114  "
"1"," Mean   :2  "
"1"," Mean   :40.06  "
"1"," Mean   :1.532  "
"1"," Mean   :3.533  "
"1"," Mean   :3.634  "
"1"," Mean   : 448  "
"1"," Mean   : 198  "
"1"," Mean   : 2.874  "
"1"," Mean   :3.725  "
"1","
"
"1"," 3rd Qu.:121082  "
"1"," 3rd Qu.:2  "
"1"," 3rd Qu.:50.00  "
"1"," 3rd Qu.:2.000  "
"1"," 3rd Qu.:4.000  "
"1"," 3rd Qu.:5.000  "
"1"," 3rd Qu.: 240  "
"1"," 3rd Qu.: 240  "
"1"," 3rd Qu.: 3.000  "
"1"," 3rd Qu.:5.000  "
"1","
"
"1"," Max.   :124818  "
"1"," Max.   :2  "
"1"," Max.   :59.00  "
"1"," Max.   :2.000  "
"1"," Max.   :7.000  "
"1"," Max.   :9.000  "
"1"," Max.   :9999  "
"1"," Max.   :9999  "
"1"," Max.   :99.000  "
"1"," Max.   :9.000  "
"1","
"
"1","                 "
"1","            "
"1","                "
"1","                "
"1","                "
"1","                "
"1"," NAs    :5     "
"1"," NAs    :5     "
"1"," NAs    :2       "
"1"," NAs    :23     "
"1","
"
"1",""
"1","    DEQ034D     "
"1","     OCD150     "
"1","     OCQ180       "
"1","     OCQ670     "
"1","
"
"1"," Min.   :1.000  "
"1"," Min.   :1.000  "
"1"," Min.   :    5.0  "
"1"," Min.   :1.000  "
"1","
"
"1"," 1st Qu.:3.000  "
"1"," 1st Qu.:1.000  "
"1"," 1st Qu.:   35.0  "
"1"," 1st Qu.:1.000  "
"1","
"
"1"," Median :4.000  "
"1"," Median :1.000  "
"1"," Median :   40.0  "
"1"," Median :2.000  "
"1","
"
"1"," Mean   :3.712  "
"1"," Mean   :1.771  "
"1"," Mean   :  165.4  "
"1"," Mean   :2.781  "
"1","
"
"1"," 3rd Qu.:5.000  "
"1"," 3rd Qu.:3.000  "
"1"," 3rd Qu.:   48.0  "
"1"," 3rd Qu.:5.000  "
"1","
"
"1"," Max.   :5.000  "
"1"," Max.   :7.000  "
"1"," Max.   :99999.0  "
"1"," Max.   :9.000  "
"1","
"
"1"," NAs    :23     "
"1","                "
"1"," NAs    :1572     "
"1"," NAs    :1427   "
"1","
"
"0","#Create tables to see all data"
"0",""
"0","sun %>%"
"0","  tabyl(RIAGENDR)"
"1",""
"1"," RIAGENDR"
"1","    n"
"1","   percent"
"1","
"
"1","        1"
"1"," 2531"
"1"," 0.4684435"
"1","
"
"1","        2"
"1"," 2872"
"1"," 0.5315565"
"1","
"
"0","sun %>%"
"0","  tabyl(RIDRETH3)"
"1",""
"1"," RIDRETH3"
"1","    n"
"1","    percent"
"1","
"
"1","        1"
"1","  729"
"1"," 0.13492504"
"1","
"
"1","        2"
"1","  574"
"1"," 0.10623728"
"1","
"
"1","        3"
"1"," 1601"
"1"," 0.29631686"
"1","
"
"1","        4"
"1"," 1439"
"1"," 0.26633352"
"1","
"
"1","        6"
"1","  767"
"1"," 0.14195817"
"1","
"
"1","        7"
"1","  293"
"1"," 0.05422913"
"1","
"
"0","sun %>%"
"0","  tabyl(DMDEDUC2)"
"1",""
"1"," DMDEDUC2"
"1","    n"
"1","      percent"
"1","
"
"1","        1"
"1","  321"
"1"," 0.0594114381"
"1","
"
"1","        2"
"1","  573"
"1"," 0.1060521932"
"1","
"
"1","        3"
"1"," 1268"
"1"," 0.2346844346"
"1","
"
"1","        4"
"1"," 1850"
"1"," 0.3424023691"
"1","
"
"1","        5"
"1"," 1389"
"1"," 0.2570794003"
"1","
"
"1","        7"
"1","    1"
"1"," 0.0001850824"
"1","
"
"1","        9"
"1","    1"
"1"," 0.0001850824"
"1","
"
"0","sun %>%"
"0","  tabyl(DEQ034A)"
"1",""
"1"," DEQ034A"
"1","    n"
"1","      percent"
"1"," valid_percent"
"1","
"
"1","       1"
"1","  471"
"1"," 0.0871737923"
"1","  0.0872060729"
"1","
"
"1","       2"
"1"," 1435"
"1"," 0.2655931890"
"1","  0.2656915386"
"1","
"
"1","       3"
"1"," 2335"
"1"," 0.4321673145"
"1","  0.4323273468"
"1","
"
"1","       4"
"1","  832"
"1"," 0.1539885249"
"1","  0.1540455471"
"1","
"
"1","       5"
"1","  305"
"1"," 0.0564501203"
"1","  0.0564710239"
"1","
"
"1","       6"
"1","   21"
"1"," 0.0038867296"
"1","  0.0038881689"
"1","
"
"1","      99"
"1","    2"
"1"," 0.0003701647"
"1","  0.0003703018"
"1","
"
"1","      NA"
"1","    2"
"1"," 0.0003701647"
"1","            NA"
"1","
"
"0","sun %>%"
"0","  tabyl(DEQ034C)"
"1",""
"1"," DEQ034C"
"1","    n"
"1","      percent"
"1"," valid_percent"
"1","
"
"1","       1"
"1","  293"
"1"," 0.0542291320"
"1","  0.0544609665"
"1","
"
"1","       2"
"1","  467"
"1"," 0.0864334629"
"1","  0.0868029740"
"1","
"
"1","       3"
"1"," 1468"
"1"," 0.2717009069"
"1","  0.2728624535"
"1","
"
"1","       4"
"1"," 1363"
"1"," 0.2522672589"
"1","  0.2533457249"
"1","
"
"1","       5"
"1"," 1786"
"1"," 0.3305570979"
"1","  0.3319702602"
"1","
"
"1","       9"
"1","    3"
"1"," 0.0005552471"
"1","  0.0005576208"
"1","
"
"1","      NA"
"1","   23"
"1"," 0.0042568943"
"1","            NA"
"1","
"
"0","sun %>%"
"0","  tabyl(DEQ034D)"
"1",""
"1"," DEQ034D"
"1","    n"
"1","     percent"
"1"," valid_percent"
"1","
"
"1","       1"
"1","  441"
"1"," 0.081621321"
"1","    0.08197026"
"1","
"
"1","       2"
"1","  643"
"1"," 0.119007959"
"1","    0.11951673"
"1","
"
"1","       3"
"1"," 1122"
"1"," 0.207662410"
"1","    0.20855019"
"1","
"
"1","       4"
"1","  991"
"1"," 0.183416620"
"1","    0.18420074"
"1","
"
"1","       5"
"1"," 2183"
"1"," 0.404034795"
"1","    0.40576208"
"1","
"
"1","      NA"
"1","   23"
"1"," 0.004256894"
"1","            NA"
"1","
"
"0","sun %>%"
"0","  tabyl(OCQ670)"
"1",""
"1"," OCQ670"
"1","    n"
"1","      percent"
"1"," valid_percent"
"1","
"
"1","      1"
"1"," 1555"
"1"," 0.2878030724"
"1","  0.3910965795"
"1","
"
"1","      2"
"1","  471"
"1"," 0.0871737923"
"1","  0.1184607646"
"1","
"
"1","      3"
"1","  597"
"1"," 0.1104941699"
"1","  0.1501509054"
"1","
"
"1","      5"
"1"," 1351"
"1"," 0.2500462706"
"1","  0.3397887324"
"1","
"
"1","      7"
"1","    1"
"1"," 0.0001850824"
"1","  0.0002515091"
"1","
"
"1","      9"
"1","    1"
"1"," 0.0001850824"
"1","  0.0002515091"
"1","
"
"1","     NA"
"1"," 1427"
"1"," 0.2641125301"
"1","            NA"
"1","
"
"0","#Examine specific variables"
"0",""
"0","summary(sun$DED120)"
"1","   Min. "
"1","1st Qu. "
"1"," Median "
"1","   Mean "
"1","3rd Qu. "
"1","   Max. "
"1","    NAs "
"1","
"
"1","      0 "
"1","     20 "
"1","     60 "
"1","    448 "
"1","    240 "
"1","   9999 "
"1","      5 "
"1","
"
"0","summary(sun$DED125)"
"1","   Min. "
"1","1st Qu. "
"1"," Median "
"1","   Mean "
"1","3rd Qu. "
"1","   Max. "
"1","    NAs "
"1","
"
"1","      0 "
"1","     60 "
"1","    120 "
"1","    198 "
"1","    240 "
"1","   9999 "
"1","      5 "
"1","
"
"0","length(unique(sun$DED120))"
"1","[1]"
"1"," 35"
"1","
"
"0","length(unique(sun$DED125))"
"1","[1]"
"1"," 30"
"1","
"
