"0","#Partition the data (train and test)"
"0","set.seed(431)"
"0",""
"0","study2_train <- study2_final %>%"
"0","  slice_sample(prop = 0.70)"
"0",""
"0","study2_test <- study2_final %>%"
"0","  anti_join(study2_train, by = ""SEQN"")"
"0",""
"0","#Check size for 70/30"
"0","nrow(study2_train)"
"1","[1]"
"1"," 3406"
"1","
"
"0","nrow(study2_test)"
"1","[1]"
"1"," 1461"
"1","
"
"0","#Verify that no one is in both training and test sets at the same time"
"0","partition_check <- tibble("
"0","  Dataset = c(""Full analytic sample"", ""Training"", ""Test""),"
"0","  n = c("
"0","    nrow(study2_final),"
"0","    nrow(study2_train),"
"0","    nrow(study2_test)"
"0","  )"
"0",")"
"0",""
"0","partition_check %>%"
"0","  kable("
"0","    caption = ""Study 2 Training and Test Sample Sizes"""
"0","  )"
