"0","female_risk <- 717 / 2475
male_risk <- 267 / 2346

risk_difference <- female_risk - male_risk

risk_difference
"
"1","[1]"
"1"," 0.1758862"
"1","
"
"0","#Relative risk"
"0","relative_risk <- female_risk / male_risk"
"0",""
"0","relative_risk"
"1","[1]"
"1"," 2.545427"
"1","
"
"0","#Odds ratio"
"0","female_odds <- 717 / 1758"
"0","male_odds <- 267 / 2079"
"0",""
"0","odds_ratio <- female_odds / male_odds"
"0",""
"0","odds_ratio"
"1","[1]"
"1"," 3.17573"
"1","
"
"0","tibble("
"0","  Measure = c("
"0","    ""Risk Difference"","
"0","    ""Relative Risk"","
"0","    ""Odds Ratio"""
"0","  ),"
"0","  Estimate = c("
"0","    risk_difference,"
"0","    relative_risk,"
"0","    odds_ratio"
"0","  )"
"0",") %>%"
"0","  kable(digits = 2)"
